Query,Assessment_url
Hiring Java developer with collaboration skills,https://www.shl.com/solutions/products/java-programming-test/
Hiring Java developer with collaboration skills,https://www.shl.com/solutions/products/teamwork-assessment/
Hiring Java developer with collaboration skills,https://www.shl.com/solutions/products/python-coding-test/
Hiring Java developer with collaboration skills,https://www.shl.com/solutions/products/python-coding-test/
Hiring Java developer with collaboration skills,https://www.shl.com/solutions/products/python-coding-test/
Hiring Java developer with collaboration skills,https://www.shl.com/solutions/products/python-coding-test/
Hiring Java developer with collaboration skills,https://www.shl.com/solutions/products/python-coding-test/
Hiring Java developer with collaboration skills,https://www.shl.com/solutions/products/python-coding-test/
Hiring Java developer with collaboration skills,https://www.shl.com/solutions/products/python-coding-test/
Hiring Java developer with collaboration skills,https://www.shl.com/solutions/products/python-coding-test/
Looking for Python and SQL analyst,https://www.shl.com/solutions/products/python-coding-test/
Looking for Python and SQL analyst,https://www.shl.com/solutions/products/java-programming-test/
Looking for Python and SQL analyst,https://www.shl.com/solutions/products/teamwork-assessment/
Looking for Python and SQL analyst,https://www.shl.com/solutions/products/python-coding-test/
Looking for Python and SQL analyst,https://www.shl.com/solutions/products/python-coding-test/
Looking for Python and SQL analyst,https://www.shl.com/solutions/products/python-coding-test/
Looking for Python and SQL analyst,https://www.shl.com/solutions/products/python-coding-test/
Looking for Python and SQL analyst,https://www.shl.com/solutions/products/python-coding-test/
Looking for Python and SQL analyst,https://www.shl.com/solutions/products/python-coding-test/
Looking for Python and SQL analyst,https://www.shl.com/solutions/products/python-coding-test/
